Bus,  NumNodes, R1, X1, R0, X0, Z1, Z0, "X1/R1", "X0/R0"
"SOURCEBUS", 3,   0.514966,    2.05291,    1.07286,    3.21857,    2.11652,    3.39267,    3.987,        3
"1", 3, 0.000801891, 0.00295633, 6.8889E-005, 3.44437E-005, 0.00306315, 7.70199E-005,    3.687,      0.5
"2", 3,  0.0220313,  0.0243613,  0.0212726,  0.0214826,  0.0328459,  0.0302329,    1.106,     1.01
"3", 3,  0.0400327,  0.0321103,  0.0658249,  0.0311743,  0.0513195,  0.0728337,   0.8021,   0.4736
"4", 3,  0.0580441,  0.0399241,   0.110347,  0.0409658,  0.0704489,   0.117706,   0.6878,   0.3712
"5", 3,  0.0761381,  0.0478811,   0.155364,  0.0511028,  0.0899423,   0.163553,   0.6289,   0.3289
