Bus, BasekV, Node1, Magnitude1, Angle1, pu1, Node2, Magnitude2, Angle2, pu2, Node3, Magnitude3, Angle3, pu3
"SOURCEBUS", 11, 1,    6349.63,    0.0,   0.99981, 2,    6349.63, -120.0,   0.99981, 3,    6349.63,  120.0,   0.99981
"1", 0.415, 1,     239.55,  -30.0,   0.99979, 2,     239.55, -150.0,   0.99979, 3,     239.55,   90.0,   0.99979
"2", 0.415, 1,    238.238,  -30.4,   0.99431, 2,    238.238, -150.4,   0.99431, 3,    238.238,   89.6,   0.99431
"3", 0.415, 1,    237.679,  -30.4,   0.99198, 2,    237.679, -150.4,   0.99198, 3,    237.679,   89.6,   0.99198
"4", 0.415, 1,      237.4,  -30.5,   0.99082, 2,      237.4, -150.5,   0.99082, 3,      237.4,   89.5,   0.99082
"5", 0.415, 1,      237.4,  -30.5,   0.99082, 2,      237.4, -150.5,   0.99082, 3,      237.4,   89.5,   0.99082
