Bus,  NumNodes, R1, X1, R0, X0, Z1, Z0, "X1/R1", "X0/R0"
"SOURCEBUS", 3,   0.515645,    2.05251,    1.07286,    3.21857,    2.11629,    3.39267,     3.98,        3
"1", 3,  0.0221868,  0.0238519,  0.0214169,  0.0210036,  0.0325756,  0.0299973,    1.075,   0.9807
"2", 3,  0.0221974,  0.0238803,  0.0214274,  0.0210321,  0.0326036,  0.0300247,    1.076,   0.9815
"3", 3,  0.0715054,  0.0439083,    0.13988,  0.0442455,  0.0839104,   0.146711,   0.6141,   0.3163
