Bus, BasekV, Node1, Magnitude1, Angle1, pu1, Node2, Magnitude2, Angle2, pu2, Node3, Magnitude3, Angle3, pu3
"SOURCEBUS", 11, 1,    6349.99,    0.0,   0.99986, 2,    6350.26, -120.0,   0.99991, 3,    6350.33,  120.0,   0.99992
"1", 0.398, 1,    227.632,  -32.4,   0.99063, 2,    228.133, -151.9,   0.99281, 3,    228.144,   88.1,   0.99286
"2", 0.398, 1,     227.62,  -32.4,   0.99058, 2,    228.123, -151.9,   0.99277, 3,    228.134,   88.1,   0.99281
"3", 0.398, 1,    227.377,  -32.5,   0.98952, 2,    228.249, -151.9,   0.99331, 3,    227.841,   88.1,   0.99154
"4", 0.398, 1,    227.377,  -32.5,   0.98952, 2,    228.249, -151.9,   0.99331, 3,    227.841,   88.1,   0.99154
"5", 0.398, 1,    227.377,  -32.5,   0.98952, 2,    228.249, -151.9,   0.99331, 3,    227.841,   88.1,   0.99154
