Bus,  NumNodes, R1, X1, R0, X0, Z1, Z0, "X1/R1", "X0/R0"
"SOURCEBUS", 3,   0.154233,   0.616006,  0.0805303,   0.241591,    0.63502,   0.254659,    3.994,        3
"1", 3,  0.0187178,   0.078775,  0.0184634,  0.0779969,  0.0809682,  0.0801524,    4.209,    4.224
"2", 3,  0.0188386,  0.0790539,   0.018584,  0.0782759,  0.0812675,  0.0804518,    4.196,    4.212
"3", 3,  0.0256809,  0.0838055,  0.0379697,  0.0837746,   0.087652,  0.0919776,    3.263,    2.206
"4", 3,  0.0324809,  0.0886722,  0.0573697,  0.0895746,  0.0944339,   0.106371,     2.73,    1.561
"5", 3,  0.0392809,  0.0935388,  0.0767697,  0.0953746,   0.101452,   0.122433,    2.381,    1.242
